{
    "Accuracy": 0.9531821506949525,
    "Precision": 0.9038461538461539,
    "Recall": 0.7421052631578947
}
